sentenca,ambiente,bebida,comida,geral,localização,outros,preço,serviço
atendimento maravilhoso COMIDA FALA gelar caneca geladerrimo,0,1,1,0,0,0,0,1
ótimo estacionamento agradável,0,0,0,1,1,0,0,0
ambiente atendimento comida delícia Super indico,1,0,1,0,0,0,0,1
ambiente divertido animar ideal trazer família amigo,1,0,0,0,0,0,0,0
restaurante ótimo localização amplo estacionamento variedade carne diverso acompanhamento bom restaurante cidade esquecer comentar bom preço confortável ambiente proporcionar,1,0,1,1,1,0,1,0
almoço vira estabelecimento categoria,0,0,0,1,0,0,0,0
atendimento alimentação excelente,0,0,1,0,0,0,0,1
comida delicioso atendimento maravilhoso,0,0,1,0,0,0,0,1
Ótimo ambiente aconchegante funcionário atencioso tempestividade pedido preço justo,1,0,1,1,0,0,1,1
restaurante ficar andar superior prédio antigo elevador pessoa dificuldade locomoção ambiente rústico chique sanitário,1,0,0,0,1,0,0,0
lugarzinho açaí bom opção,0,0,1,1,0,0,0,0
haver opção menu variado tipo carne,0,0,1,0,0,0,0,0
agradável café manhã,0,0,1,0,0,0,0,0
cerveja gelada,0,1,0,0,0,0,0,0
Ótimo ambiente atendimento música vivo bebido gelar comida delicioso,1,1,1,0,0,0,0,1
Ótimo atendimento,0,0,0,0,0,0,0,1
excelente atendimento opção bom tempero,0,0,1,0,0,0,0,1
bom hamburgueria,0,0,0,1,0,0,0,0
ambiente super agradável atendimento comer delicioso preço justo,1,0,1,0,0,0,1,1
comida atendimento repertório tranquilo música ambiente deixar faltar demor,1,0,1,0,0,0,0,1
contar area externo segurança gradear areo interno refrigerar otimo atendimento proprio passar meso p estar servido,1,0,0,0,0,0,0,1
excelente reunir amigo bom petisco preço,0,0,1,1,0,0,1,0
rápido comer delicioso preço justo,0,0,1,0,0,0,1,1
atendimento show bola maravilhoso,0,0,0,0,0,0,0,1
acolhedor ambiente porção generosa excelente qualidade fresquinho,1,0,1,1,0,0,0,0
restaurante centro oferecer ampla opção cardápio self service custo atrativo,0,0,1,0,0,0,1,0
bom restaurante atendimento vip opção refeição ótimo carta vinho localizar bairro nobre manaus fácil acesso excelente estrutura bom ambiente,1,1,1,1,1,0,0,1
simples super agradável atendimento,0,0,0,1,0,0,0,1
preço alto,0,0,0,0,0,0,1,0
restaurante chique custo benefício incrível,0,0,0,1,0,0,1,0
carne delicioso ambiente playground maravilhoso criança brincar achar bom família,1,0,1,1,0,0,0,0
bar forte variedade drink,0,1,0,0,0,0,0,0
café delicioso,0,1,0,0,0,0,0,0
Ótimo,0,0,0,1,0,0,0,0
preço caro serviço ruim,0,0,0,0,0,0,1,1
sozinho noite jantar experiência estar acompanhar,0,0,0,1,0,0,0,0
primeiro cliente inauguração indiquei amigo,0,0,0,1,0,0,0,0
achar preço super acessível,0,0,0,0,0,0,1,0
churrascaria búfalo contar ambiente climatizar sofisticar atendimento garçom educar atencioso,1,0,0,0,0,0,0,1
comida saboroso,0,0,1,0,0,0,0,0
loja início ótimo espaçoso possuir estacionamento,1,0,0,0,1,0,0,0
excelente atendimento comida amazônico toque requintar,0,0,1,0,0,0,0,1
comida bom ambiente atendimento gostar espera mesa,1,0,1,0,0,0,0,1
café regional,0,1,0,0,0,0,0,0
casa possuir carta vinho,0,1,0,0,0,0,0,0
ambiente bom atendimento cardápio variado excelente qualidade,1,0,1,0,0,0,0,1
curtar vida noturno valer pena visitar,0,0,0,1,0,0,0,0
experiência maravilhoso comer atendimento rápido preço justo,0,0,1,1,0,0,1,1
estacionamento,0,0,0,0,1,0,0,0
ambiente amplo clean acústica garçon atento,1,0,0,0,0,0,0,1
desumano estrela atendimento único pessoa valer universo inteiro,0,0,0,0,0,0,0,1
Imita cafeteria internacional açaí cupuaçu saboroso bom preço atendimento bacano shoppings local turístico rua aeroporto adorar,0,0,1,0,0,0,1,0
irar experiência gastronômico adequado,0,0,1,0,0,0,0,0
comida gostoso cerpa geladissima,0,1,1,0,0,0,0,0
estacionamento pq comida,0,0,1,0,1,0,0,0
resumo excelente oportunidade experimentar culinária amazonense,0,0,1,0,0,0,0,0
ambiente climatizar vaga estacionar bom atendimento preço compatível produto,1,0,0,0,1,0,1,1
saboroso suculenta tipica gaúcha,0,0,1,0,0,0,0,0
custo benefício hamburguer artesanal atendimento massar,0,0,1,0,0,0,1,1
Gostei bom ambiente discreto seleto ótimo localização prefeito fugir muvuca gente educar,1,0,0,0,1,0,0,0
ambiente acolhedor comer regional manauarar toque chef,1,0,1,0,0,0,0,0
restaurante ficar andar casa antigo vista,0,0,0,0,1,0,0,0
Localizar centro gastronômico estacionamento comum privativo gratuito oferecer chopp petisco bom preço ótimo qualidade servir atendimento ambiente arejar comum rústico cobrir,1,1,1,0,1,0,1,1
excelente restaurante saborear riqueza água,0,0,1,1,0,0,0,0
comida gostoso ambiente agradável recomer,1,0,1,1,0,0,0,0
atendimento custo beneficio preço excelente ter vista bar top,1,0,0,0,0,0,1,1
variedade peixe local sabor inigualável atendimento ímpar,0,0,1,0,0,0,0,1
restaurante carne exótico delicioso,0,0,1,0,0,0,0,0
Ótimo atendimento preço super,0,0,0,1,0,0,1,1
Ótima comida regional qualidade atendimento opção prato bebida bom restaurante,0,1,1,1,0,0,0,1
atentimento funcionário divertido,0,0,0,0,0,0,0,1
,0,0,0,1,0,0,0,0
Ótimo ambiente refrigerar estacionamento atendimento chamar garçom sinal eletrônico mesa tvs lado decoração capa disco ótimas sobremeso,1,0,1,0,1,0,0,1
Ótimo restaurante,0,0,0,1,0,0,0,0
estacionamento difícil estacionar,0,0,0,0,1,0,0,0
restaurante,0,0,0,1,0,0,0,0
Ótimo atendimento culinária regional água boca,0,0,1,0,0,0,0,1
Vale pena almoçar parar lanche ambiente pequeno super charmoso decorar,1,0,0,1,0,0,0,0
Péssima experiência,0,0,0,1,0,0,0,0
atendimento diferenciar ambiente impecável,1,0,0,0,0,0,0,1
garcom atendimento fantástico,0,0,0,0,0,0,0,1
maravilhoso comer,0,0,1,1,0,0,0,0
restaurante sostificar atendimento excelente Recomendo restaurante,0,0,0,1,0,0,0,1
agradável açaí qualidade,0,0,1,0,0,0,0,1
delicioso saboroso família gostar ambiente agradável confortável atendimento maravilhoso PARABÉNS,1,0,1,1,0,0,0,1
,0,0,1,0,0,0,0,0
busca ingrediente sabor,0,0,1,0,0,0,0,0
Ótimo happy hourr,0,0,0,1,0,0,0,0
esporte ar livre possibilidade banho Rio,1,0,0,0,0,0,0,0
bonito comer gostoso bebida gelada excelente reunir família amigo happy hourr negócio,1,1,1,1,0,0,0,0
caro amigo Turistas percar oportunidade tomar bom café regional variedade especiaria regional famoso pão tucumã tapioca quentinha castanha banano fritar suco regional cupuaçr goiaba deixar visitar,0,1,1,1,0,0,0,0
ribeirinho amazônico banzeiro agitação água fazer vento,0,0,0,0,0,1,0,0
aconchegante comidinho maravilhosa,1,0,1,0,0,0,0,0
ambiente casarão antigo ciclo borracha vista pro poético,1,0,0,0,0,0,0,0
preço qualidade sabor apresentar,0,0,1,0,0,0,1,0
restaurante aconchegante carne inigualável proprietário atencioso cordial,1,0,1,0,0,0,0,1
agradabilíssimo decoração atmosfero,1,0,0,0,0,0,0,0
excelente bebida variar petisco delicioso,0,1,1,0,0,0,0,0
agradável reuni amigo comida beber música,1,1,1,1,0,0,0,0
Mesas disposto calçada rua petisco servido variedade cerveja trincar gelada,1,1,1,0,0,0,0,0
público jovem alto astral,1,0,0,0,0,0,0,0
comida delicioso atendimento qualidade,0,0,1,0,0,0,0,1
pizza ótimas variedade pizza,0,0,1,0,0,0,0,0
comida farto regional saboroso impecável,0,0,1,0,0,0,0,0
único problema barulho insuportável cliente conversar alto,1,0,0,0,0,0,0,0
atendimento rápido qualidade prato oferecer,0,0,1,0,0,0,0,1
cardápio variado bom preço,0,0,1,0,0,0,1,0
Ótimo atendimento localizar,0,0,0,0,1,0,0,1
tapioca preço absurdo café fraco,0,1,0,0,0,0,1,0
ambiente incrível bebida fino comida maravilhoso atendimento digno rapaz super educar atencioso,1,1,1,0,0,0,0,1
restaurante espetacular atendimento excelente profissional treinar atencioso paladar maravilhoso,0,0,1,1,0,0,0,1
ambiente perfeito,1,0,0,0,0,0,0,0
restaurante super recomendar atendimento diferenciar prato delicioso,0,0,1,1,0,0,0,1
massar bom bar,0,0,0,1,0,0,0,0
Boas opção cafe preço,0,1,0,0,0,0,1,0
ambiente agradável achar único penalty estacionamento,1,0,0,0,1,0,0,0
bom salgar atualidade,0,0,1,0,0,0,0,0
conhecer impressão,0,0,0,1,0,0,0,0
excelente churrasco atendimento ágil cordial preço justo qualidade serviço variedade carne indico,0,0,1,1,0,0,1,1
cliente excelente restaurante português,0,0,0,1,0,0,0,0
prato indicar momento importante ser pessoa amar amigo ambiente climatizar localização preço caro atendimento açaí sobremesa,1,0,1,0,1,0,1,1
Melhor restaurante fruto mar atendimento sensacional atencioso,0,0,0,1,0,0,0,1
pedir passado vir passado,0,0,1,0,0,0,0,0
atendimento,0,0,0,0,0,0,0,1
ambiente agradável,1,0,0,0,0,0,0,0
ambiente atendimento comer recomendo,0,0,1,0,0,0,0,1
dia feira música vivo,1,0,0,0,0,0,0,0
atendimento péssimo achar esperar entrar cozinha preparar café,0,0,0,0,0,0,0,1
legal excelente ambiente familiar bom atendimento refeição típico típico preço acessível,1,0,1,0,0,0,1,1
atendimento comida ambiente lir,1,0,1,0,0,0,0,1
ambiente agradavel atendimento,1,0,0,0,0,0,0,1
recomendo passeio diferente família bom opção gastronômico beira rio pegar pequeno embarcação chegar super seguro,1,0,0,0,0,0,0,0
aglomeração,0,0,0,0,0,1,0,0
excelente opção comida típico ambiente excelente qualidade,1,0,1,1,0,0,0,0
único gostar atendimento pessoal deixar sofisticado representar cozinha,0,0,0,0,0,0,0,1
excelente restaurante excelente opção comida regional,0,0,1,1,0,0,0,0
Delicioso pão francês queijo coalho banano pacovan,0,0,1,0,0,0,0,0
recomendação,0,0,0,0,0,1,0,0
Ótimo bar lanche rápido cerveja local conversar pessoa local agradável,1,1,1,0,0,0,0,0
ótimo opção sair rotina amigo,0,0,0,1,0,0,0,0
noite maravilhoso especial atendimento super nota garçom papo super agradável garçonete nota,0,0,0,0,0,0,0,1
preço cobrar aprazível agradável,1,0,0,0,0,0,1,0
Ótimo preço atendimento,0,0,0,0,0,0,1,1
poder degustar petisco prato incrível aproveitar paisagem natural deixar agradável parabéns,1,0,1,0,0,0,0,0
ambiente carne oferecer carne sol bolinho macaxeira recheio,1,0,1,0,0,0,0,0
ambiente agradável acesso,1,0,0,0,1,0,0,0
gostar comida oriental opção custo benefício razoável ambiente comida atendimento compensar,1,0,1,0,0,0,1,1
ouvir samba cerveja gelar,1,1,0,0,0,0,0,0
ter variedade diminuir tamanho fatia rodízio coração queijo ter cair fiquei aborrecido paguei comer rodízio ruim desculpe esperar melhore,0,0,1,1,0,0,0,0
atendimento horrível precisei insistir concluir pedido atendente esforçar tornar atendimento desagradável minuto longo espera receber resposta,0,0,0,0,0,0,0,1
comida preço razoável,0,0,1,0,0,0,1,0
comida normal sabor preço esperar comoda paraense,0,0,1,0,0,0,1,0
negativo observação médio quantitativo mesa deixar espaço bom circulação,1,0,0,0,0,0,0,0
pizza maravilhoso pastéis delicioso surpreendente,0,0,1,1,0,0,0,0
excelente,0,0,0,1,0,0,0,0
atendimento excelente,0,0,0,0,0,0,0,1
fresco delícia,0,0,1,0,0,0,0,0
comida quantidade compatível determinar cardápio,0,0,1,0,0,0,0,0
excelente restaurante,0,0,0,1,0,0,0,0
ambiente nota comida excelente atendimento,1,0,1,1,0,0,0,1
ambiente super agradável bom atendimento pizza ótimas brinquedoteca sensacional,1,0,1,0,0,0,0,1
Melhor restaurante,0,0,0,1,0,0,0,0
família,0,0,0,1,0,0,0,0
cerveja geladinhar,0,1,0,0,0,0,0,0
atendimento exemplar funcionário educar respeitoso atendir tratar grande excelência,0,0,0,0,0,0,0,1
sopa grátis,0,0,0,0,0,0,1,0
bom comer comida fruto mar nordestino aconchegante luxuoso bom atendimento,1,0,1,0,0,0,0,1
Gostei comer custo benefício,0,0,1,1,0,0,1,0
entrada pedir queijo parmesão negro bolinho bacalhau,0,0,0,0,0,1,0,0
comida demorar atendimento ruim bebida chegar comida acabar atendendente atenção reclamação pedido,0,0,0,0,0,0,0,1
atendimento amador espaço confortável errar pedido vir justificar cozinha chamar português,1,0,0,0,0,0,0,1
excelente restaurante variedade diversos atendimento,0,0,1,1,0,0,0,1
bom churrascaria comer atendimento preço bom agradável,0,0,1,1,0,0,1,1
atendimento respeitoso data comemorativo vira caos ótimo opção almoço jantar comida,0,0,1,1,0,0,0,1
ambiente super agradável excelente atendimento produto qualidade inquestionável,1,0,1,0,0,0,0,1
atedimento excelente especial gaçom mostrar valer minuto restaurante vcs atedimento proucurar garçom notar voltarei,0,0,0,0,0,0,0,1
excelente opção,0,0,0,1,0,0,0,0
atendimento excelente colaborador unidade,0,0,0,0,0,0,0,1
ambiente agradavel possuir externo contar pessoa funcionário cuidar animação espaço,1,0,0,0,0,0,0,0
peixe opção,0,0,1,0,0,0,0,0
variedade incrível prato ambiente agradável comer saboroso preço justo vista bonito atendimento decoração temático bom lugar pato comer,1,0,1,1,0,0,1,0
excelente pessoa atendimento excelente dono excelente,0,0,0,0,1,0,0,1
seguinte oferecer comida alto qualidade drink ótimos cerveja gelar cliente chegar estacionar receber,0,1,1,0,1,0,0,0
esperar chamei garçom olhar cara feio demorar,0,0,0,0,0,0,0,1
atendimento simpático menina ótimo localização limpinho bonito preço honesto caipirinhr cachaça jambu melaço cana açucar ingrediente lembro nome memoria apagar forte,1,1,0,0,1,0,1,1
preço adequado qualidade serviço oferecer,0,0,1,0,0,0,1,1
considerar ambiente bom churrascaria requintar decoração adega salão principal agradável,1,0,0,1,0,0,0,0
restaurante ficar lir iluminação gostoso lugar escuro clarinho,1,0,0,0,0,0,0,0
churrasco variedade saboroso,0,0,1,0,0,0,0,0
família comer tradicional carne sol mesmo carne acompanhamento estar desejar,0,0,1,0,0,0,0,0
tapioca caboquinho excelente,0,1,1,0,0,0,0,0
bom pizzaria,0,0,0,1,0,0,0,0
Viemos feira pedir menu entrada prato principal sobremês,0,0,0,0,0,1,0,0
agradável recomendar vasto variedade opção sabor caseiro,0,0,1,1,0,0,0,0
refrigerar preço razoável,1,0,0,0,0,0,1,0
ja bom,0,0,0,1,0,0,0,0
Péssima experiência,0,0,0,1,0,0,0,0
top,0,0,0,1,0,0,0,0
maravilhoso comer ótimo climatizar valer pena esqueçar único,1,0,1,1,0,0,0,0
ambiente super agradável,1,0,0,0,0,0,0,0
funcionário educar prestativo acomodar comemorar aniversário surpresa,0,0,0,0,0,0,0,1
restaurante localizar teatro devido passar rua,0,0,0,0,1,0,0,0
atendimento,0,0,0,0,0,0,0,1
Serviço excelente churrasco delicioso,0,0,1,0,0,0,0,1
restaurante regional ambiente agradável mística vivo regional atendimento garçon Nonato excelente,1,0,0,1,0,0,0,1
Ótimo restaurante,0,0,0,1,0,0,0,0
ambiente ter melhorar 9o render extra climatização qualidade mesa decair acompanhamento carne sol,1,0,1,0,0,0,0,0
comida maravilhoso drink ótimos atendimento show preço justo bar excelente barman,0,1,1,1,0,0,1,1
agradável dente atencioso,0,0,0,1,0,0,0,1
peixe suculência seco baião arroz qualidade ruim arroz ruim feira haver cozinha,0,0,1,0,0,0,0,0
atendimento rápido,0,0,1,0,0,0,0,1
maravilhoso restaurante bom atendimento bom cardápio desfrutar natureza,1,0,1,1,0,0,0,1
comida bom atendimento,0,0,1,0,0,0,0,1
clinária regional maravilhoso atendimento excelente,1,0,1,0,0,0,0,1
restaurante excelente,0,0,0,1,0,0,0,0
café regional gostoso saborear ótimo tapioca gosto regional opção,0,1,1,1,0,0,0,0
saboroso preço justo,0,0,1,0,0,0,1,0
proximo ir,0,0,0,1,0,0,0,0
localização excelente atender,0,0,1,0,1,0,0,1
excelente atendimento comer saboroso preço acessível ambiente agradável,1,0,1,0,0,0,1,1
restaurante tranquilo atendimento atencioso,0,0,0,1,0,0,0,1
rapidez atendimento aliar qualidade comodidade bom opcoe cardapio preço picanhar perfazer,0,0,1,0,0,0,1,1
prato elaborar peixe rio tempero excelente,0,0,1,0,0,0,0,0
época temático realizar apresentação musical espaço ambiente,0,0,0,0,0,1,0,0
delícia bom atendimento,0,0,1,0,0,0,0,1
restaurante,0,0,0,1,0,0,0,0
excelente opção imersão gastronomia amazônico,0,0,1,0,0,0,0,0
gerenciamento necessário,0,0,0,0,0,0,0,1
Ótimo atendimento garçom atender excelência comida maravilhoso,0,0,1,0,0,0,0,1
lotar fim semana restaurante frequentar cidade,1,0,0,0,0,0,0,0
peixe delicado saboroso,0,0,1,0,0,0,0,0
preço super acessível prato pessoa server servir valer pena,0,0,1,0,0,0,1,0
restaurante atrativo bom picanha bafo arroz brócoli delícia atendimento rápido dia normal caso feriado data comemorativo voçe bela,0,0,1,0,0,0,0,1
restaurante bom ambiente salão amplo cardápio variado completo pedido demor normal recomer,1,0,1,0,0,0,0,1
maravilhoso,0,0,0,1,0,0,0,0
ambiente aconchegante limpo culinária,1,0,1,0,0,0,0,0
comer bom atendimento funcincionario duvida bom restaurante manau,0,0,1,1,0,0,0,1
haver opção cara entrar self service,0,0,0,0,0,0,1,0
aprazivel carta vinho,1,0,0,0,0,0,0,0
Ótimo ambiente familiar seguro,1,0,0,0,0,0,0,0
comer fazer agradavel,0,0,1,1,0,0,0,0
churrascaria Búfalo bom atendimento estilo gaúcho deixar ambiente propício saborear diverso opção carne servir,1,0,1,0,0,0,0,1
comida maravilhoso,0,0,1,0,0,0,0,0
restaurante comida regional,0,0,1,0,0,0,0,0
troco bolso gastar tamanho,0,0,0,0,0,0,1,0
atendimento excelente profissional educar,0,0,0,0,0,0,0,1
ambiente familiar agradável cardápio variar,1,0,1,0,0,0,0,0
preço alto,0,0,0,0,0,0,1,0
estabelecimento quantidade lucro objetivo principal,0,0,0,0,0,0,1,0
super divertido espaço criança,1,0,0,0,0,0,0,0
oferecem translar cerveja gelar diversidade comida Toca rock diferencial,1,1,1,0,0,0,0,0
preciso prestar atenção preço prato absurdo,0,0,0,0,0,0,1,0
excelente,0,0,0,1,0,0,0,0
agradável atendimento,0,0,0,1,0,0,0,1
comida saboroso,0,0,1,0,0,0,0,0
bom comida,0,0,1,0,0,0,0,0
agradável possuir rodízio sushi diverso sabor especial atendimento maravilhoso estacionamento gratuito cliente frente funcionar hora,0,0,0,1,1,0,0,1
restaurante atrativo acolhedor serviço top,0,0,0,1,0,0,0,1
alto caro,0,0,0,0,0,0,1,0
querer gastar comer bom ambiente carne nobr,0,0,1,0,0,0,1,0
excelente treinamento carne ótimos corte comer gostoso,0,0,1,0,0,0,0,1
comida preço banheiro limpo,1,0,1,0,0,0,1,0
atendimento preço justo,0,0,0,0,0,0,1,1
ambiente bacano atendimento porção pequeno,1,0,1,0,0,0,0,1
delícia infância imaginar brincar pensamento peixe empalhar daor hahaho igual legal conhecer atendimento notar petisco regional delicioso hummm prato principal server conseguíar conta fresco fazer hora criança adulto idoso,1,0,1,1,0,0,0,1
coqueiro verde excelente prestar atendimento sensacional,0,0,0,1,0,0,0,1
culinária exótico especiaria típica região pequeno fila espera ter,1,0,1,0,0,0,0,0
ambiente agradável,1,0,0,0,0,0,0,0
comida atendimento preço compatível comida recomer,0,0,1,1,0,0,1,0
filho pequeno marido domingo almoçar queríamos degustar delícia amazônico,0,0,1,0,0,0,0,0
climatização ruim quente cantor ai vivo fraco música fraco atendimento excelente comida regular,1,1,1,0,0,0,0,1
peixaria preço justo,0,0,0,1,0,0,1,0
restaurante bom família bom atendimento,0,0,0,1,0,0,0,1
Adorei culinária loca ingrediente típico amazonense toque requintar,0,0,1,0,0,0,0,0
dia lotar atendimento demorar pedido chegar valer pena espera,0,0,0,0,0,0,0,1
espetacular paisagem nota comida excelente atendimento notar porção individual preço justo haver filha esposo pedir prato,1,0,1,1,0,0,1,1
preço justo,0,0,1,0,0,0,1,0
gostosa preço salgar atendimento garçom deixar desejar,0,0,1,0,0,0,1,1
ambiente agradável atendente educar simpático ótimas opção salda preço acessível,1,0,1,0,0,0,1,1
atender garçom excelente atendimento ótimo hospitalidade recomento,0,0,0,0,0,0,0,1
agradável,0,0,0,1,0,0,0,0
pizza ótimas,0,0,1,0,0,0,0,0
agradável ambiente bom atendimento,1,0,0,1,0,0,0,1
variedade carne limpeza ambiente impecável,1,0,1,0,0,0,0,0
domingo almoço família bom carne sol preço conta bom atendimento início,0,0,1,0,0,0,1,1
intuito comer belo carne churrascaria pedida,0,0,1,0,0,0,0,0
sucesso associação menu preço justo ambiente agradabilíssimo atendimento,1,0,1,0,0,0,1,1
atendimento preço acessível,0,0,0,1,0,0,1,1
ótimo opção apreciar culinária paraense,0,0,1,0,0,0,0,0
atendimento eficiente agradável alegre recomer,1,0,1,1,0,0,0,1
excelente atendimento,0,0,0,0,0,0,0,1
excelente restaurante,0,0,0,1,0,0,0,0
momento único companhia inesquecível,0,0,0,1,0,0,0,0
gostoso porção pastéis queijo música vivo qualidade,1,0,1,0,0,0,0,0
deixar provar hambúrguer tambaqui Real,0,1,1,0,0,0,0,0
comida atendimento decorar gosto,1,0,1,0,0,0,0,1
pizza italiano agradável,0,0,1,1,0,0,0,0
comida balanceado bom preço sobremês delicioso,0,0,1,0,0,0,1,0
bom restaurante ar condicionado atendimento top,1,0,0,1,0,0,0,1
buscar oferecer culinária prima carioca passagem cidade peixe acompanhar conversa gostoso,0,0,1,0,0,0,0,0
curtir tradicional refeição americano hamburguer dog costelinha porco,0,0,1,0,0,0,0,0
fico feliz satisfeever atendimento cordial comer servido variedade incrível vc escolher,0,0,1,0,0,0,0,1
bom,0,0,0,0,0,1,0,0
café leite garrafa sair preço único independente consumo,0,0,0,0,0,1,0,0
experiência incrível bom,0,0,0,1,0,0,0,0
Ótimo custo benefício atendimento tá parabéns ambiente agradável,1,0,0,0,0,0,1,1
cardápio contemplar carne peixe frango camar lagosto formato individual pessoa saborosíssimos,0,0,1,0,0,0,0,0
curtir picanha otimo aler ambiente familiar climatizar otimo atendimento custo acessivo levar familia,1,0,1,1,0,0,1,1
bacano comida saboroso peixe,0,0,1,1,0,0,0,0
agradável diferente flutuante cidade familiar musico bom comido excelente,1,0,1,1,0,0,0,0
opção restaurante regional rede,0,0,0,1,0,0,0,0
passear família,0,0,0,1,0,0,0,0
teatro amazona emoldurar produto qualidade preparo,1,0,1,0,0,0,0,0
Ótimo encontrar amigo,0,0,0,1,0,0,0,0
impecável ambiente sofisticar atendimento,1,0,1,0,0,0,0,1
restaurante ótimo opção comer ótimo carne sol,0,0,1,0,0,0,0,0
preço alto valer pena experiência,0,0,0,1,0,0,1,0
custo incompatível serviço refeição oferecer,0,0,1,0,0,0,1,1
pastelaria bom custo benefício rodízio pizza doce salgar pastel super gostoso massa sentir sabor encontra camar verdade sinto essência camarão,0,0,1,0,0,0,1,0
dúvida bom churrascaria,0,0,0,1,0,0,0,0
ambiente agradável atendimento excelente comida maravilhoso contar paisagem linda,1,0,1,0,0,0,0,1
atendimento excepcional,0,0,0,0,0,0,0,1
apresentar espaço,1,0,0,0,0,0,0,0
bom comum 30h 20h gente ser recomendar esperar fila,0,0,0,1,0,0,0,0
ambiente agradável comer delicioso espaço infantil sugiro monitora dia movimento,1,0,1,0,0,0,0,1
ambiente agradável cardápio diversificar açaí prato regional Experimentei pato tucupi,1,0,1,0,0,0,0,0
Ótimo restaurante bom sushi,0,0,1,1,0,0,0,0
Vá calma estrer ser experiência pizza bom,0,0,1,1,0,0,0,0
fevereiro experimentar serviço livre pessoa incluir bebida sanduíches tapioca,0,0,0,0,0,1,0,0
companhia amigo ambiente confortável,1,0,0,0,0,0,0,0
atendimento bom carne perfazer,0,0,1,0,0,0,0,1
restaurante ótimo localização estacionamento amplo,0,0,0,0,1,0,0,0
Comemos peixe moda coco bambu vinho pé tinto pé tinto,0,1,1,0,0,0,0,0
atendimento comida excelente,0,0,1,0,0,0,0,1
Hambúrgueres preço médio servir pessoa,0,0,1,0,0,0,0,0
sentar servir delicioso caldo peixe aperitivo,0,0,1,0,0,0,0,0
bonito acolhedor comer excelente qualidade preço super recomer atendimento,1,0,1,0,0,0,1,1
opção comida evito maximo,0,0,1,1,0,0,0,0
atendimento incrível maravilhoso,0,0,0,1,0,0,0,1
comida regional qualidade prato requintar,0,0,1,0,0,0,0,0
bom pizza mundo,0,0,1,0,0,0,0,0
excelente bar decorar cerveja super gelar som vivo ficar lotar sexta visitar,1,1,0,0,0,0,0,0
ambiente agradável pessoal atencioso,1,0,0,0,0,0,0,1
renomado restaurante prestigiar alto gastronomio ambiente bonito atendimento eficiente almoço pedir ravióli péssimo escolha molho ácido vir server elogiar,1,0,1,1,0,0,0,1
noiva cliente fiel falar ressalto único defeito casa demor entrega conta demorar minuto único dentre,0,0,0,0,0,0,0,1
bom restaurante atendimento recepção maravilhoso comer qualidade ambiente sofisticar organizar bom restaurante família atender,1,0,1,1,0,0,0,1
bacalhau entrada sugestão principal bacalhau telha prato pessoa server pastel sobremesa,0,0,1,0,0,0,0,0
comida cara ruim servir coxão duro picanhar insatisfação total,0,0,1,0,0,0,1,0
Péssima experiência buffetr pobre carne duro guarnição recomendar preço caro custo benefício,0,0,1,1,0,0,1,0
Ótimo atendimento,0,0,0,0,0,0,0,1
moderno,1,0,0,1,0,0,0,0
ambiente agradável,1,0,0,0,0,0,0,0
café regional maravilhoso,0,1,0,0,0,0,0,0
Ótimo família,0,0,0,1,0,0,0,0
restaurante casarão antigo época borracha culinária regional trunfo,0,0,1,0,0,0,0,0
Ótima opção refeição amigo excelente preço rodízio atendir acarne qualidade gostoso excelente,0,0,1,1,0,0,1,1
único negativo demor atendimento,0,0,0,0,0,0,0,1
prato diferente ocasião diferente server cozimento impecável bom serviço preço bom,0,0,1,0,0,0,1,1
cozinha bacalhau certo cozimento dessalgar maneira correto ressaltar paladar peixe,0,0,1,0,0,0,0,0
original comido saboroso variar opção açaí original linguiça paraense arroz paraense sabor incrível,0,0,1,0,0,0,0,0
Gostamos comer saboroso ambiente ótimo almoçar colega trabalho excelente atendimento educar atencioso,1,0,1,0,0,0,0,1
excelente saborear delícia coco bambu,0,0,1,0,0,0,0,0
excelente experiência comida excelente garçon prestativo som vivo qualidade,1,0,1,1,0,0,0,1
chegar receber delicioso caldo tambaqui experiência fantástico culinária,0,0,1,0,0,0,0,0
comida paladar médio sugiro ir fome comida demor chegar prato super server,0,0,1,0,0,0,0,1
favorito comida japonês harumaki camarão cream cheese perfeito bom comi,0,0,1,0,0,0,0,0
Ótimo ambiente bar esperar companhia carta bebida comida excelente atendimento preço elevar valer pena visita,1,1,1,0,0,0,1,1
espaço físico tá dia bom pertinho natureza belo foto,1,0,0,0,0,0,0,0
prato servido pessoa fácil,0,0,1,0,0,0,0,0
amplo confortável,1,0,0,0,0,0,0,0
variedade custo benefício excelente,0,0,1,0,0,0,1,0
excelente restaurante parabéns,0,0,0,1,0,0,0,0
excelente tomar café comer delicioso torto aconchegante propício reunir família,1,1,1,0,0,0,0,0
comida frio preço ruim,0,0,1,0,0,0,1,0
carta vinho,0,1,0,0,0,0,0,0
ambiente tranquilo familiar,1,0,0,1,0,0,0,0
bar animar gostoso masss banheiro podre,1,0,0,1,0,0,0,0
peixe maravilhoso,0,0,1,0,0,0,0,0
Costeletas tambaqui farofa baião delicioso filé grelhar arroz negro filé crosta castanha,0,0,1,0,0,0,0,0
excelente opção rodízio sopa,0,0,1,0,0,0,0,0
agradável som alto permitir conversar primeiro experiência comida excelente qualidade desejar,1,0,1,1,0,0,0,0
atendimento comida plugar arejar preço justo voltarei,1,0,1,0,0,0,1,1
ambiente agradável rodízio,1,0,1,0,0,0,0,0
esposo jantar junho passado,0,0,0,0,0,1,0,0
instalação amplo conhecimento comida,0,0,1,0,0,0,0,0
agradável familiar delicioso,0,0,1,1,0,0,0,0
precisar ótimo manutenção achar gasto perfeito,1,0,0,1,0,0,0,0
ambiente limpo procedimento,1,0,0,0,0,0,0,0
maravilhoso comer incrível,0,0,1,1,0,0,0,0
curtir pizza,0,0,1,0,0,0,0,0
Ótimo restaurante,0,0,0,1,0,0,0,0
comida diversificar atendimento agilidade elaboração prato,0,0,1,0,0,0,0,1
Ótimo entretenimento recomer,0,0,0,1,0,0,0,0
Ótimo café achar preço elevar ambiente bacano,1,1,0,0,0,0,1,0
bom restaurante,0,0,0,1,0,0,0,0
preço acessível,0,0,0,0,0,0,1,0
experiência único encontrarei país qualidade alto,0,0,0,1,0,0,0,0
otimo entrada Comemos bolinho bacalhau prato principal pirarucu amazonico otimo,0,0,1,0,0,0,0,0
banheiro insuficiente precário precisar melhorar limpeza ambiente servir alimento fraldário respeitoso criança público,1,0,0,0,0,0,0,0
chegar custo benefício pro consumidor explosão gastronômico tipo comida acabar subir valor,0,0,0,0,0,0,1,0
carne sol excelente,0,0,1,0,0,0,0,0
atendentes super atencioso ambiente familiar oferecer tranquilo banho stand bom cozinha regional cardápio delicioso gosto incluir comida vegetariano,1,0,1,0,0,0,0,1
gostar experimentar drink diferente fazer,0,1,0,0,0,0,0,0
preço justo,0,0,0,0,0,0,1,0
agradável sabor inesquecível,0,0,1,1,0,0,0,0
rápido atendimento,0,0,0,0,0,0,0,1
restaurante tradicional,0,0,0,1,0,0,0,0
agradável atendimento garçom piso voltar pizza,0,0,1,1,0,0,0,1
localizar cheio sinal restaurante recinto pedida apreciar culinària,0,0,1,1,1,0,0,0
aniversário maravilhoso carne delicioso certo atendimento excelente,0,0,1,1,0,0,0,1
agradável bom atendimento garçom atencioso,0,0,0,1,0,0,0,1
escolha banda,1,0,0,1,0,0,0,0
comida maravilhoso excelente atendimento,0,0,1,0,0,0,0,1
ambiente maravilhoso,1,0,0,0,0,0,0,0
salão amplo bonito bom grupo,1,0,0,0,0,0,0,0
amplo confortavel indico tranquilo almoço jantar,1,0,0,0,1,0,0,0
alternativo atendimento bom decoração super underground bom trilha sonoro ambiente,1,0,0,0,0,0,0,1
Jantar maravilhoso comer delicioso tortinha limao atendimento igual garçon educar cordial,0,0,1,0,0,0,0,1
seleção cardápio perfeito garçom confuso atenção contrario vontade atencioso acabar truncar comunicação venezuelano,0,0,1,0,0,0,0,1
Ótimo comer espetacular tomar cerveja amigo,0,1,1,0,0,0,0,0
agradável comida delicioso,0,0,1,1,0,0,0,0
café preço diversificar,0,1,0,0,0,0,1,0
comida possuir ótimo qualidade semana custo benefício,0,0,1,0,0,0,1,0
dps parar servi messa tirar excelente pizzario,0,0,1,1,0,0,0,1
atendimento,0,0,0,0,0,0,0,1
Melhor restaurante,0,0,0,1,0,0,0,0
Ótimo comemorar data especial,0,0,0,1,0,0,0,0
família adorar todinho complexo restaurante bar chopps localizar aprovar indicar preço justo atendimento lento dia dar,0,1,0,0,0,0,1,1
pizza maravilhoso aconchegante play criança brincar,1,0,1,0,0,0,0,0
achar peixe água doce sabor forte agrar,0,0,1,0,0,0,0,0
rodízio fraco qualidade carne bom salad bar fraquíssimo,0,0,1,0,0,0,0,0
restaurante maravilhoso manter linha rede,0,0,0,1,0,0,0,0
Carnes maravilhoso custo benefício atendimento ambiente música ambiente sensacional,1,0,1,0,0,0,1,1
comida qualidade ambiente descontraer frente teatro,1,0,1,0,0,0,0,0
comer ceviche correto visitar almoço jantar,0,0,1,0,0,0,0,0
preço top opção cardápio atendente super rápido solícito,0,0,1,0,0,0,1,1
música comida excelente qualidade,1,0,1,0,0,0,0,0
seguro dia capital amazonense levar lembrança culinário cidade,0,0,0,1,0,0,0,0
atendimento prato servido,0,0,1,0,0,0,0,1
bom restaurante ambiente atendimento música excelente,1,0,0,1,0,0,0,1
preencher pequeno cadastro entrar,0,0,0,0,0,1,0,0
Gostei ideia livre porção carne individual porção gostoso,0,0,1,0,0,0,0,0
Especialista carne sol restaurante oferecer ótimas combinação prato agradável,0,0,1,1,0,0,0,0
ótimo opção conhecer estrutura lazer ambiente agradável,1,0,0,1,0,0,0,0
amplo estacionamento espaço confortável inovador ambiente familiar bom atendimento cardápio variado preço justo,1,0,1,0,1,0,1,0
ótimo recepção recepcionista,0,0,0,0,0,0,0,1
melhor experiência,0,0,0,1,0,0,0,0
opção preço acessível,0,0,1,0,0,0,1,0
Ótimo tomar música vivo,1,1,0,0,0,0,0,0
,0,0,0,1,0,0,0,0
ter ir restaurante aconchegante bom atendimento rapidez servir simpatia recepção comir típuca delicioso,0,0,1,1,0,0,0,1
comida prato servir pessoa,0,0,1,0,0,0,0,0
atendimento prato bom preço acessível,0,0,1,0,0,0,1,1
preço pouquinho salgar restaurante compensa,0,0,0,1,0,0,1,0
situado sobrado antigo espaço servir agradável noite público,1,0,0,0,0,0,0,0
completo carne vinho recomer,0,1,1,1,0,0,0,0
comida qualidade funcionário educar estrutura,1,0,1,0,0,0,0,1
Ótimo preço bom atendimento recepção caixa,0,0,0,0,0,0,1,1
custo benefício,0,0,0,0,0,0,1,0
atendir comi fazer condenado acessível comer saboroso,0,0,1,0,0,0,1,1
batata frita sal trufa fenomenal,0,0,1,0,0,0,0,0
custo benefício bom,0,0,0,0,0,0,1,0
tir gosto maravilhoso,0,0,1,0,0,0,0,0
fino elegante,0,0,0,1,0,0,0,0
excelente restaurante,0,0,0,1,0,0,0,0
bom café regional,0,1,0,0,0,0,0,0
ambiente excelente,1,0,0,0,0,0,0,0
super acessível,0,0,0,0,0,0,1,0
carta vinho nacionalidade lembro especificado cardápio existir,0,1,0,0,0,0,0,0
dar troco errar sair nota fiscal precisar pedir dever automático,0,0,0,0,0,0,0,1
comida preço bom haver estacionamento garçom perdir,0,0,1,0,1,0,1,1
ambiente rústico funcionário simpático,1,0,0,0,0,0,0,1
gastronomia nordestino,0,0,1,0,0,0,0,0
atendimento,0,0,1,0,0,0,0,1
atendimento atrapalhar dia inauguração,0,0,0,0,0,0,0,1
tomar chopp,0,1,0,0,0,0,0,0
excelente música,1,0,0,0,0,0,0,0
preço região,0,0,0,0,0,0,1,0
preço justo,0,0,0,0,0,0,1,0
comida delicioso bom família,0,0,1,1,0,0,0,0
receber prato caro frio,0,0,1,0,0,0,1,0
Ótimo atendimento comida delicioso,0,0,1,0,0,0,0,1
música por atendimento bom,1,0,0,0,0,0,0,1
bom gostar apreciar variar tipo cachaça chopp sujo cerveja suco limão sal aperitivo ótimos diverso,0,1,1,0,0,0,0,0
Tar brocado comida purra comi comida pesar sobrar pro aumento atender gente,0,0,1,0,0,0,0,1
agradável atendimento diferenciar preço bom,0,0,1,1,0,0,1,1
atendimento,0,0,0,0,0,0,0,1
excelente atendimento ambiente comer beber preço justo,1,1,1,0,0,0,1,1
churrasco linha atendimento,0,0,1,0,0,0,0,1
atendimento,0,0,0,0,0,0,0,1
peixe agradavel atendimento,0,0,1,1,0,0,0,1
Visitei feira experiência,0,0,0,1,0,0,0,0
ambiente tranquilo pequeno,1,0,0,0,0,0,0,0
restaurante decorar ambiente agradavel,1,0,0,0,0,0,0,0
churrasco bom qualidade picanhar picanha importar gosto custo beneficio,0,0,1,0,0,0,1,0
comida conversar amigo barulhento,1,0,1,0,0,0,0,0
culínária delicioso ambiente agradável acolhedor clima intimisto,1,0,1,0,0,0,0,0
agradável receptividade preço acessível família queixa,0,0,0,1,0,0,1,0
vista butirizau ficar bonito meso externa ambiente agradável comi carne sol,1,0,1,0,0,0,0,0
gateau ingrediente regional fantástico,0,0,1,0,0,0,0,0
carne artesanal maravilhoso,0,0,1,0,0,0,0,0
comida variedade cardápio,0,0,1,0,0,0,0,0
achar prato bom servido camarão,0,0,1,0,0,0,0,0
atendimento abençoe funcionário top,0,0,0,0,0,0,0,1
palavra simplicidade empregar referir comportamento conotar modo espontâneo despretensioso pessoa,0,0,0,0,0,1,0,0
procurar diversidade disposto pagar encontrar ótimo opção,0,0,0,1,0,0,1,0
atendimento mínimo preparo simples venda prato casa bebido cerveja quente,0,1,1,0,0,0,0,1
agradável ir família atendimento bom funcionário atencioso comer comer ir aberto ótim opção café manhã almoço janta lanchar querer comer,0,0,1,1,0,0,0,1
atendimento top comer top preço acessível restaurante sofisticar único cidade lotar,0,0,1,0,0,0,1,1
excelente estrutura ambiente moderno gosto facilidade estacionamento gratuito manobrista casa percar foco principal qualidade comida,1,0,1,0,1,0,0,0
atendimento instalação cárdapio excelente estacionamento facilitar levar nota grande acabar chopp 21h feira inexplicável,0,0,0,0,0,1,0,0
Ótimo tomar delicioso café regional ambiente climatizar vale apenar conferir,1,1,0,1,0,0,0,0
agradável fácil acesso,0,0,0,1,1,0,0,0
Ótimo restaurante confortável atendimento excelente,0,0,0,1,0,0,0,1
ambiente agradável música vivo bebido gelar,1,1,0,0,0,0,0,0
comida excelente ambiente agradavel,1,0,1,0,0,0,0,0
serviço rápido preço justo,0,0,0,0,0,0,1,1
ambiente tranquilo música bom atendimento,1,0,1,0,0,0,0,1
restaurante comida atendimento ambiente bonito espaço kids ótimo,1,0,1,0,0,0,0,1
ficar sorveteria glacial tacacá gisela conhecer coisa dia,0,0,0,0,1,0,0,0
bom pizzaria cidade mimimi parquinho criança atendimento pizza delícia,1,0,1,1,0,0,0,1
excelente opção pão qualidade,0,0,1,1,0,0,0,0
Perguntamos poderíar sentar fechado dizer poder abrir ter funcionário atender contar ar condicionado estragado,1,0,0,0,0,0,0,0
indico música ambiente variedade cardápio agradável atendimento excelente acessível,1,0,1,1,0,0,1,1
experiência agradável,0,0,0,1,0,0,0,0
agradável rodízio maravilhoso,0,0,1,1,0,0,0,0
preço razoável atendimento ruim demorar prato principal parecer diminuir quantidade,0,0,1,1,0,0,1,1
artistico valer pena,1,0,0,0,0,0,0,0
comida demorar atendimento amador preço alto,0,0,0,0,0,0,1,1
comida maravilhoso ambiente perfeito,1,0,1,0,0,0,0,0
famoso bolinho feijoada pedida tradicional picanhr chapa super tradicional casa ficar desejar chegar frio cara,0,0,1,0,0,0,0,0
Voltarei achar preço acessível atendimento espetacular,0,0,0,0,0,0,1,1
preço caro feira rodízio valer pena mesa reservar ficar afastar dar privacidade incomodo atendir,1,0,1,0,0,0,1,1
volto ir querer garçom kkk,0,0,0,0,0,0,0,1
mesa desconfortável banco alto encosto,1,0,0,0,0,0,0,0
bom restaurante,0,0,0,1,0,0,0,0
sabor ter comer pizza massa fino borda devorar carta vinho excelente preço,0,0,1,0,0,0,1,0
Ótima picanhar bafo guarnição excelente,0,0,1,0,0,0,0,0
caldeirada tambaqui maravilhosa,0,0,1,0,0,0,0,0
perfeito levar família amigo,0,0,0,1,0,0,0,0
chopp gelar ótimos drink suco maravilhoso recomendo data comemorativo aniversário,0,1,0,1,0,0,0,0
atendimento rápido responsavel atendimento bom,0,0,0,0,0,0,0,1
cachaçaria happy hour promover amigo trabalho,0,0,0,0,0,1,0,0
Ótimo tomar chopp,0,1,0,0,0,0,0,0
bom restaurante comemorar bom data importante vida aniversário casamento reunião amigo,0,0,0,1,0,0,0,0
comida qualidade preço justo,0,0,1,0,0,0,1,0
espaço amplo clean agradável,1,0,0,0,0,0,0,0
excelente restaurante,0,0,0,1,0,0,0,0
corresponder habitual qualidade comida ambiente agradável música vivo volume adequado,1,0,1,0,0,0,0,0
pizza decair bom pizza massa ótimas,0,0,1,0,0,0,0,0
opção almoço,0,0,0,1,0,0,0,0
Vale pena visita conferir prato delicioso seguro confortável refrigerar familiar romântico preço acessível,1,0,1,1,0,0,1,0
excelente restaurante,0,0,0,1,0,0,0,0
restaurante maravilhoso gostar comer,0,0,0,1,0,0,0,0
comer garçom educar gostar demorar servir aguo gelo chato ficar pedir hora comida bom amigo,0,0,1,1,0,0,0,1
TripAdvisor nome antigo tratar restaurante,0,0,0,0,0,1,0,0
preço justo,0,0,0,0,0,0,1,0
preço qualidade serviço alimento,0,0,1,0,0,0,1,1
péssimo comer qualidade preço horrível,0,0,1,1,0,0,1,0
churrascaria prato carte preço razoável servido,0,0,1,0,0,0,1,0
mesa pequeno ficar sol embaixo estrutura linda vidro noite legal,1,0,0,0,0,0,0,0
demora atendimento cerveja quente refrigerante quente hambúrguer salgar resumir péssimo,0,1,1,0,0,0,0,1
Carnes maravilhoso custo benefício atendimento ambiente música ambiente sensacional,1,0,1,0,0,0,1,1
maravilhosa ambiente seguro atendimento excelente,1,0,1,0,0,0,0,1
confortável comer caseira cardápio variar atendimento preço acessível,1,0,1,0,0,0,1,1
Melhor amigo,0,0,0,1,0,0,0,0
ser puro estress voltar casa fome,0,0,0,1,0,0,0,0
comida maravilhoso destaque bacalhau pôr bacalhau comi vinho alto custo atendimento,0,0,1,0,0,0,1,1
Ótimo comida,0,0,1,1,0,0,0,0
preço justo,0,0,0,0,0,0,1,0
Ótimo ambiente atendimento especial refeição alto qualidade,1,0,1,0,0,0,0,1
terrível lasanhar horrível sabor recomer paguei caro saí satisfeito,0,0,1,0,0,0,1,0
comida,0,0,1,0,0,0,0,0
ambiente super gostoso descontrair entrada caldo tucunare maravilhoso super atendido trouxerar cera desenho filha,1,0,1,0,0,0,0,1
p valer cobrar,0,0,0,0,0,0,1,0
atendimento maravilhoso localizar sushi,0,0,1,0,0,0,0,1
bom família reunião amigo excelente encontro,0,0,0,1,0,0,0,0
churrasco preço razoável atendimento,0,0,1,0,0,0,1,1
prato servir preço justo,0,0,1,0,0,0,1,0
localização rua tranquilo estacionar,0,0,0,0,1,0,0,0
sensacional monte variedade comida provar preço significativo conta formos analisar sabor prato atendimento aconchegante variedade coisa pra coisa sensacional,1,0,1,1,0,0,1,1
comida saboroso justo porção farta,0,0,1,0,0,0,1,0
restaurante culinária português longo tradição ano decepcionar amante bacalhoada diverso variedade,0,0,1,1,0,0,0,0
restaraurante verdadeiro culinária amazônico ótimos prato restaurante excelente família amigo,0,0,0,1,0,0,0,0
almoço rápido servir diverso espalhada,0,0,0,0,0,1,0,0
restaurante típico culinária amazônico sofisticar garçon educar costela tambaqui baião maravilhoso final semana chegar volta,0,0,1,1,0,0,0,1
almoço executivo entrada prato principal sobremesa,0,0,0,0,0,1,0,0
cardápio preço justo ambiente agradável,1,0,1,0,0,0,1,0
atendimento notar estacionamento amplo haver recepcionista acessível cadeirante,1,0,0,0,1,0,0,1
bom gente bonito ambiente maravilhoso obs estacionar chato sábado passado chover saíamo carro lamentável,1,0,0,0,1,0,0,0
total,0,0,0,1,0,0,0,0
ambiente agradável pizza excelente qualidade,1,0,1,0,0,0,0,0
Ótimo comer saboroso atendimento,0,0,1,1,0,0,0,1
comida maravilhoso,0,0,1,0,0,0,0,0
bebida legal incluso rodízio,0,1,0,0,0,0,0,0
preço justo,0,0,0,0,0,0,1,0
restaurante agradável bom gastronomia região,0,0,1,1,0,0,0,0
ótimo qualidade ambiente agradável,1,0,1,0,0,0,0,0
pensar poder corte alto polegada ficar apresentação,0,0,1,0,0,0,0,0
condicionar deixar ambiente frio lota,1,0,0,0,0,0,0,0
td perfeito,0,0,0,1,0,0,0,0
subir escada deparar amplo espaço janela ampla vista teatro,1,0,0,0,0,0,0,0
pequeno quente esquema venda bebida ultrapassar segurança preparar tratar cliente,1,0,0,0,0,0,0,1
espaço iluminar espaço mesa permitir conversar tom normal voz,1,0,0,0,0,0,0,0
ambiente super agradável atendimento excelente comida saboroso,1,0,1,0,0,0,0,1
espeto acompanhar farofa copinho plástico café opção guarnição arroz brócoli vinagrete pão alho,0,0,1,0,0,0,0,0
empanar farinha uarini sensacional,0,0,1,0,0,0,0,0
comer,0,0,1,0,0,0,0,0
maravilhosa super indico,0,0,0,1,0,0,0,0
,1,0,0,0,0,0,0,0
excelente atendimento limpo clareza paciência explicar prato preço mercado,1,0,0,0,0,0,1,1
churrascaria bom,0,0,0,1,0,0,0,0
Ótimo ovo coco bambu recomendar garçon,0,0,1,0,0,0,0,0
coisa caro,0,0,0,0,0,0,1,0
agradável jantar casal levar família completo bom comemoração,0,0,0,1,0,0,0,0
excelente custo benefício ambiente música vivo,1,0,0,0,0,0,1,0
custo benefício bom,0,0,1,0,0,0,1,0
bom tomar chopp comer petisco,0,1,1,0,0,0,0,0
achar legal ter opção vegetariano cardápio mostrar empresa preocupar cliente,0,0,1,0,0,0,0,1
Melhor Buffet completo,0,0,1,0,0,0,0,0
comida gostoso espetacular justificar preço cobrar,0,0,1,0,0,0,1,0
bom local almoçar jantar preço justo,0,0,0,1,0,0,1,0
jantar bom ambiente agradável suco manga amiga estranho saber adoçante ruim manga podre,1,1,0,1,0,0,0,0
bar histórico,0,0,0,1,0,0,0,0
fácil acesso cerveja geladíssima Pizza delicioso acompanhamento qualidade,0,1,1,0,1,0,0,0
Ótimo ótimo café manhã,0,0,1,1,0,0,0,0
visual bonito atendimento gentil profissional refeição feito ingrediente qualidade,1,0,1,0,0,0,0,1
localização,0,0,0,0,1,0,0,0
rolinho primavera bom degustação,0,0,1,0,0,0,0,0
atendimento excelente ambiente bela ver,1,0,0,0,0,0,0,1
comida excelente preço compatível,0,0,1,0,0,0,1,0
oportunidade degustar,0,0,1,0,0,0,0,0
comida excelente apresentação,0,0,1,0,0,0,0,0
arriscar comer massa carne variar restaurante ideal,0,0,1,1,0,0,0,0
ambiente sensacional atendimento excelente,1,0,0,0,0,0,0,1
achar fama atendimento horrível porção minúscula preço caríssimo,0,0,1,0,0,0,1,1
excelente restaurante,0,0,0,1,0,0,0,0
atendimento promoção bom termos custo benefício,0,0,0,0,0,0,1,1
otimo comer tipico comida amazonense opcao tambaqui ambiente familiar,1,0,1,0,0,0,0,0
comida típico delicioso preço justo,0,0,1,0,0,0,1,0
bambu decepcionar bom atendimento comida excepcional,0,0,1,0,0,0,0,1
atendimento bom carne sol,0,0,1,0,0,0,0,1
variedade comida tranquilo comer,0,0,1,0,0,0,0,0
Otimo tomar cerveja geladíssima,0,1,0,0,0,0,0,0
localizar ótimo decoração música perfeito preço justo comida servido,1,0,1,0,1,0,1,0
bom flutuante ficar bom família amigo casal,0,0,0,1,0,0,0,0
Ótimo,0,0,0,1,0,0,0,0
entenderia criança estivessir brinquedo SOZINHO,0,0,0,0,0,1,0,0
atendimento excelente pizza saboroso,0,0,1,0,0,0,0,1
achar excelente,0,0,0,1,0,0,0,0
restaurante cheio atendimento cordial média praticar capital amazonense,1,0,1,1,0,0,0,0
barzinho restaurante sofisticar culinária surpreender,0,0,1,1,0,0,0,0
atendimento bebida excelente,0,1,0,0,0,0,0,1
variedade massa fino rodizio saborosa custo benefício atrativo casa,0,0,1,0,0,0,1,0
atendimento excepcional padrão qualidade ambiente limpo super frequentar,1,0,1,0,0,0,0,1
Melhor restaurante bom ambiente agradável,1,0,0,0,0,0,0,0
atendimento excelente prato delicia paisagem espetacular,1,0,1,1,0,0,0,1
atendimento contento justo,0,0,0,0,0,0,1,1
preço justo,0,0,0,0,0,0,1,0
excelente atendimento,0,0,0,0,0,0,0,1
maravilhoso tambaqui assar brasa nota suco natural ambiente,1,1,1,0,0,0,0,0
comida preço bom servidor original price good server,0,0,1,0,0,0,1,0
,0,0,1,0,0,0,0,0
comida amei atendir garçom atencioso bom humor ambiente agradável comer servido rápido,1,0,1,0,0,0,0,1
ótimo levar família amigo,0,0,0,1,0,0,0,0
excelente atendimento preço opinião saboroso,0,0,0,0,0,0,1,1
boM banda comi porção generoso preço,0,0,1,0,0,0,1,0
infantil criança divertir,1,0,0,0,0,0,0,0
Vale pena conhecer show bola bom atendimento,0,0,0,1,0,0,0,1
suco regional,0,1,1,0,0,0,0,0
boM café manhã regional preço alto atendimento ambiente climatizar ar livre familiar,1,0,1,0,0,0,1,1
preço justo,0,0,0,0,0,0,1,0
corte maravilhoso atendimento top,0,0,1,0,0,0,0,1
atendimento notar garçom super gente cordial,0,0,0,0,0,0,0,1
Salgados quentinho chegar rápido,0,0,1,0,0,0,0,1
comida atendimento,0,0,1,0,0,0,0,1
visão colocar kids,1,0,0,0,0,0,0,0
ótimo tomar cerveja gelar bom atendimento petisco tir gosto bom prato cozinha português,0,1,1,0,0,0,0,1
Ótimo serviço beber conversar principal comida legal,0,1,1,0,0,0,0,1
picanha qualidade facil acesso climatizar otimo hora,1,0,1,0,1,0,0,0
legal achar jeito servir carne demorar carne chegar comida Fria comer carne,0,0,1,1,0,0,0,1
conectar hamburgueria artesanal permitir pecer sanduíche bar,0,0,0,0,0,1,0,0
churrascaria bom,0,0,0,1,0,0,0,0
carta vino,0,1,0,0,0,0,0,0
equipe sensacional humorar atencioso pizza saboroso voltarei,0,0,1,0,0,0,0,1
entrada restaurante escada estreito criança ter carregar,0,0,0,0,1,0,0,0
preço alto,0,0,0,0,0,0,1,0
preço,0,0,0,0,0,0,1,0
restaurante,0,0,0,1,0,0,0,0
agradável atendimento diferenciar localizar centro importante comida excelente bom cozinha refiobal adorar pirarucu casaca,0,0,1,1,0,0,0,1
bom carne sol preço acessível encontrar,0,0,1,0,0,0,1,0
restaurante excelente ambiente confortável excelente atendimento funcionário comida gosto camarão internacional maravilhoso indico vcs adorar,1,0,1,1,0,0,0,1
Variedades prato sobremeso espaço aconchegante confortável preço moderado,1,0,1,0,0,0,1,0
atendimento maravilhoso,0,0,0,0,0,0,0,1
Ótimo,0,0,0,1,0,0,0,0
ingrediente regional transformar combinar felicidade comida,0,0,1,0,0,0,0,0
complexo recepção externo organizar estacionamento veículo traslar flutuante pessoa volto inclusa,0,0,0,0,0,0,0,1
comida saboroso,0,0,1,0,0,0,0,0
charmoso comer delicioso bom atendimento,1,0,1,0,0,0,0,1
ambiente confortável,1,0,0,0,0,0,0,0
pizza bom massa fino bom opção sabor tradicional complexo opção queijo brie,0,0,1,0,0,0,0,0
guarnição impecável,0,0,1,0,0,0,0,0
frustração total,0,0,0,1,0,0,0,0
café regional delicioso,0,1,0,0,0,0,0,0
pizza demaisss,0,0,1,0,0,0,0,0
EXCELENTE ambiente serviço salão ótimo acreditar motivo quantidade pessoa ser servir salão lotar palato difunder restaurante comum,1,0,0,0,0,0,0,1
conseguir mesa ambiente super legal gelar,1,1,0,0,0,0,0,1
atendimento preço justo ambiente agradável,1,0,0,0,0,0,1,1
comida maravilhosa atendimento maravilhoso atendir,0,0,1,0,0,0,0,1
gente incrível valer tomar café,0,1,0,1,0,0,0,0
agradável excelente paladar,1,0,1,1,0,0,0,0
restaurante maravilhoso lir comida ótimo,0,0,1,1,0,0,0,0
possuir amazonense possuir cerveja local comer experimentar,0,1,0,0,0,0,0,0
música localização,1,0,0,0,1,0,0,0
perfazer excelente atendimento comer gostoso amplo espaço,1,0,1,0,1,0,0,1
desejar diferente conhecer,0,0,0,1,0,0,0,0
atendente atencioso cordialidade comum único faltar opção entrega cupom fiscal individualizar refeição companheiro fizemos custear empresa trabalhamos precisar levar comprovante fiscal refeição restaurante dividir conta mesa cupom fiscal ser emitir único cupom fiscal oferecir opção,0,0,0,0,0,0,0,1
hambúrguer bom sabor bar adicional chegar ficar cheio original Hamburguesas gran sabor bar adicional llegar temprano llenarse,1,0,1,0,0,0,0,0
estacionamento,0,0,0,0,1,0,0,0
Melhor restaurante,0,0,0,1,0,0,0,0
hamburgueria oferecer qualidade preço temática compensa diferença,0,0,0,1,0,0,1,0
Ótimo,0,0,0,1,0,0,0,0
atendimento piso ruim comi pedaço pizza demorar minuto comer suco quente gelo chegar tomar,0,0,0,0,0,0,0,1
bom hambúrguer ficar desapontar expectativa médio,0,0,1,0,0,0,0,0
barrulho adolecente respeito clienr,1,0,0,0,0,0,0,0
,0,0,0,1,0,0,0,0
comida ótimo chegar rápido atendimento recomer restaurante,0,0,1,0,0,0,0,1
ambiente agradável bom atendimento,1,0,0,0,0,0,0,1
bom restaurante,0,0,0,1,0,0,0,0
excelente funcionário educar competente comer ótimo belo refeição família amigo,0,1,1,1,0,0,0,1
chique gosto,0,0,0,1,0,0,0,0
Ótimo atendimento custo benéfico,0,0,0,0,0,0,1,1
restaurante cidade ótimo opção comer peixe elaborar,0,0,1,0,0,0,0,0
Encomendo bom ambiente excelente atendimento,1,0,0,0,0,0,0,1
lendário cerveja gelar pessoa encontrar faixa azul interferir horário fluxo atendimento,0,1,0,1,0,0,0,0
restaurante comer picanha ótimo qualidade ter picanha sangue comi ambiente amplo climatizar opção negócio comemoração amigo ótima sobremeso deixar,1,0,1,0,0,0,0,0
regional sofisticar,0,0,1,0,0,0,0,0
diversão bom petisco,0,0,1,1,0,0,0,0
almoço executivo entrada prato principal sobremês bom custo beneficio,0,0,0,0,0,0,1,0
Carnes maravilhoso custo benefício atendimento ambiente música ambiente sensacional,1,0,1,0,0,0,1,1
comida excepcional,0,0,1,0,0,0,0,0
incrível bom restaurante coco bambu bom prato bom sobremesa garçom top incrível LUCAS,0,0,1,1,0,0,0,1
ambiente tranquilo música agradável comer ótimo atendimento EXCELENTE,1,0,1,0,0,0,0,1
delicia fartar bacalhau preco por prato individual comer,0,0,1,0,0,0,1,0
excelente atendimento carta vinho prato preparar batuta chef,0,1,0,0,0,0,0,1
Ótimo atendimento meso,0,0,0,0,0,0,0,1
petisco quentinho delicioso,0,0,1,0,0,0,0,0
excelente almoço,0,0,1,0,0,0,0,0
vinho,0,1,0,0,0,0,0,0
dúvida excelente restaurante português ficar dever restaurante mundo,0,0,0,1,0,0,0,0
restaurante lotação grande entrada solicitar atendir hábil entrada fato servido porção satisfatório pessoa,0,0,0,0,0,0,0,1
excelente atendimento bom carne reunião negócio curtir família,0,0,1,1,0,0,0,1
agradavel atendimento,0,0,0,1,0,0,0,1
restaurante barato oferecer excelente custo benefício,0,0,0,0,0,0,1,0
excelente atendimento,0,0,0,0,0,0,0,1
restaurante excelente saboroso culinária,0,0,1,1,0,0,0,0
ambiente agradável opção atendimento interno externo,1,0,0,0,0,0,0,1
Ótimo happy hour bom ambiente gente bonito,1,0,0,1,0,0,0,0
excepcional prato salgar pretender comer,0,0,0,1,0,0,1,0
ambiente agradável comer qualidade champanhe temperatura ideal atendimento excelente recomendamos desejar degustar bom comida regional amazonense,1,0,1,0,0,0,0,1
comida excelente farta preço justo,0,0,1,0,0,0,1,0
ambiente legal brinquedoteca monitora pizza tbm,1,0,1,0,0,0,0,0
preço excelente comida qualidade,0,0,1,0,0,0,1,0
atendimento rapaz atencioso educar anfitrião,0,0,0,0,0,0,0,1
pizzaria tradicional,0,0,0,1,0,0,0,0
excelente atendimento,0,0,0,0,0,0,0,1
restaurante típico cozinha amazonense adorar peixe arroz pure macaxeira,0,0,1,0,0,0,0,0
pessoal capacitar educar pro ativo,0,0,0,0,0,0,0,1
restaurante comida muitooo atendimento excelente opção drink música banhoi rio,1,1,1,0,0,0,0,1
ambiente bonito restaurante ser beleza gastronômico digno,1,0,0,0,0,0,0,0
experiência agradável,0,0,0,1,0,0,0,0
matar fome atendimento rápido pizza,0,0,1,0,0,0,0,1
comida gostoso variedade preço justo,0,0,1,0,0,0,1,0
limpinho preço camarar,1,0,0,0,0,0,1,0
Ótimo atendimento excelente comer maravilhoso parabéns,0,0,1,1,0,0,0,1
Ótimo atendimento preço justo,0,0,0,0,0,0,1,1
prato sofisticar ambiente aconchegante atendimento intimista entregar ótimo experiência gastronômico amazônia,1,0,1,0,0,0,0,1
Ótimo,0,0,0,1,0,0,0,0
restaurante conceituar ano qualidade quantidade comida server diminuir preço aumentar,0,0,1,1,0,0,1,0
comida maravilhoso atendimento,0,0,1,0,0,0,0,1
menu executivo almoço delicioso,0,0,1,0,0,0,0,0
Ótimo tobogã adulto poder comida barato,1,0,0,1,0,0,1,0
restaurante excelente comer atendimento gentileza delicadeza aniversário trazer cortesia cantar parabéns,0,0,1,1,0,0,0,1
Ótimo restaurante,0,0,0,1,0,0,0,0
Ótima comida bom atendimento preço excelente,0,0,1,0,0,0,1,1
compro frango brasa comer casa bom experiência achar mudar cozinheiro tempero tá diferente bom,0,0,1,0,0,0,0,0
opção carne,0,0,1,0,0,0,0,0
excelente ambiente agradabilíssimo atendimento notar maislugaresassimemanau,1,0,0,1,0,0,0,1
bom lugar,0,0,0,1,0,0,0,0
Estávamos familia saímos aeroporto direto restaurante indicação ar sofisticar cardapio variado bom momento visita,1,0,1,0,0,0,0,0
prato servir conseguir combinar sabor regional ingrediente internacional começar caldinho entrada,0,0,1,0,0,0,0,0
excelente atendimento,0,0,0,0,0,0,0,1
preço exagerar quantidade achar poder,0,0,0,0,0,0,1,0
prato típico apresentar aconchegante,1,0,1,0,0,0,0,0
ambiente aconchegante familiar,1,0,0,0,0,0,0,0
Aceitam encomenda data festivo,0,0,0,0,0,1,0,0
vario super bom carne sol manau,0,0,1,1,0,0,0,0
memorável incrível atendimento perfeito,0,0,0,1,0,0,0,1
bom local comer peixe,0,0,1,0,0,0,0,0
garçom atencioso excelente fotógrafo,0,0,0,0,0,0,0,1
